Elevation,Storage
3370,0
3370.1,1883.31
3370.2,3768.08
3370.3,5654.31
3370.4,7542
3370.5,9431.15
3370.6,11321.75
3370.7,13213.81
3370.8,15107.33
3370.9,17002.29
3371,18898.71
3371.1,20796.55
3371.2,22695.77
3371.3,24596.36
3371.4,26498.33
3371.5,28401.66
3371.6,30306.36
3371.7,32212.43
3371.8,34119.86
3371.9,36028.66
3372,37938.82
3372.1,39850.4
3372.2,41763.35
3372.3,43677.65
3372.4,45593.26
3372.5,47510.17
3372.6,49428.37
3372.7,51347.85
3372.8,53268.6
3372.9,55190.61
3373,57113.89
3373.1,59038.38
3373.2,60964.08
3373.3,62891
3373.4,64819.15
3373.5,66748.55
3373.6,68679.18
3373.7,70611.06
3373.8,72544.2
3373.9,74478.59
3374,76414.23
3374.1,78350.98
3374.2,80288.86
3374.3,82227.97
3374.4,84168.38
3374.5,86110.14
3374.6,88053.29
3374.7,89997.85
3374.8,91943.85
3374.9,93891.33
3375,95840.29
3375.1,97790.65
3375.2,99742.53
3375.3,101696.08
3375.4,103651.37
3375.5,105608.47
3375.6,107567.41
3375.7,109528.25
3375.8,111491.01
3375.9,113455.73
3376,115422.42
3376.1,117391.41
3376.2,119362.69
3376.3,121336.11
3376.4,123311.58
3376.5,125289.07
3376.6,127268.53
3376.7,129249.92
3376.8,131233.23
3376.9,133218.44
3377,135205.51
3377.1,137194.3
3377.2,139184.68
3377.3,141176.67
3377.4,143170.29
3377.5,145165.55
3377.6,147162.44
3377.7,149160.98
3377.8,151161.17
3377.9,153163
3378,155166.49
3378.1,157171.63
3378.2,159178.37
3378.3,161186.68
3378.4,163196.58
3378.5,165208.04
3378.6,167221.06
3378.7,169235.64
3378.8,171251.78
3378.9,173269.47
3379,175288.71
3379.1,177309.52
3379.2,179331.88
3379.3,181355.78
3379.4,183381.23
3379.5,185408.22
3379.6,187436.74
3379.7,189466.79
3379.8,191498.37
3379.9,193531.49
3380,195566.13
3380.1,197602.23
3380.2,199639.84
3380.3,201679.01
3380.4,203719.79
3380.5,205762.2
3380.6,207806.26
3380.7,209851.98
3380.8,211899.38
3380.9,213948.47
3381,215999.26
3381.1,218051.8
3381.2,220106.08
3381.3,222162.08
3381.4,224219.79
3381.5,226279.2
3381.6,228340.3
3381.7,230403.09
3381.8,232467.55
3381.9,234533.69
3382,236601.5
3382.1,238670.91
3382.2,240741.86
3382.3,242814.36
3382.4,244888.42
3382.5,246964.05
3382.6,249041.25
3382.7,251120.03
3382.8,253200.38
3382.9,255282.32
3383,257365.84
3383.1,259450.92
3383.2,261537.5
3383.3,263625.55
3383.4,265715.05
3383.5,267805.99
3383.6,269898.38
3383.7,271992.19
3383.8,274087.42
3383.9,276184.08
3384,278282.15
3384.1,280381.59
3384.2,282482.36
3384.3,284584.48
3384.4,286687.93
3384.5,288792.73
3384.6,290898.88
3384.7,293006.37
3384.8,295115.2
3384.9,297225.39
3385,299336.92
3385.1,301449.64
3385.2,303563.69
3385.3,305679.26
3385.4,307796.48
3385.5,309915.44
3385.6,312036.23
3385.7,314158.89
3385.8,316283.49
3385.9,318410.09
3386,320538.71
3386.1,322669.19
3386.2,324801.49
3386.3,326935.72
3386.4,329071.93
3386.5,331210.17
3386.6,333350.46
3386.7,335492.84
3386.8,337637.33
3386.9,339783.94
3387,341932.71
3387.1,344083.52
3387.2,346236.47
3387.3,348391.66
3387.4,350549.18
3387.5,352709.07
3387.6,354871.36
3387.7,357036.08
3387.8,359203.27
3387.9,361372.94
3388,363545.13
3388.1,365720.03
3388.2,367897.77
3388.3,370078.31
3388.4,372261.63
3388.5,374447.71
3388.6,376636.54
3388.7,378828.1
3388.8,381022.4
3388.9,383219.41
3389,385419.15
3389.1,387621.28
3389.2,389825.63
3389.3,392032.29
3389.4,394241.3
3389.5,396452.69
3389.6,398666.49
3389.7,400882.73
3389.8,403101.41
3389.9,405322.55
3390,407546.17
3390.1,409772.33
3390.2,412001.05
3390.3,414232.33
3390.4,416466.15
3390.5,418702.51
3390.6,420941.41
3390.7,423182.83
3390.8,425426.78
3390.9,427673.26
3391,429922.26
3391.1,432173.68
3391.2,434427.53
3391.3,436683.87
3391.4,438942.74
3391.5,441204.15
3391.6,443468.13
3391.7,445734.69
3391.8,448003.84
3391.9,450275.59
3392,452549.97
3392.1,454826.96
3392.2,457106.78
3392.3,459389.54
3392.4,461675.31
3392.5,463964.15
3392.6,466256.08
3392.7,468551.15
3392.8,470849.37
3392.9,473150.77
3393,475455.37
3393.1,477763.3
3393.2,480074.69
3393.3,482389.55
3393.4,484707.87
3393.5,487029.66
3393.6,489354.92
3393.7,491683.64
3393.8,494015.83
3393.9,496351.49
3394,498690.61
3394.1,501033.09
3394.2,503378.85
3394.3,505727.92
3394.4,508080.32
3394.5,510436.05
3394.6,512795.12
3394.7,515157.55
3394.8,517523.33
3394.9,519892.47
3395,522264.97
3395.1,524640.78
3395.2,527019.77
3395.3,529401.89
3395.4,531787.15
3395.5,534175.51
3395.6,536566.98
3395.7,538961.55
3395.8,541359.2
3395.9,543759.94
3396,546163.76
3396.1,548570.82
3396.2,550980.79
3396.3,553393.43
3396.4,555808.63
3396.5,558226.3
3396.6,560646.39
3396.7,563068.85
3396.8,565493.63
3396.9,567920.72
3397,570350.07
3397.1,572781.56
3397.2,575215.1
3397.3,577650.68
3397.4,580088.31
3397.5,582527.99
3397.6,584969.73
3397.7,587413.52
3397.8,589859.36
3397.9,592307.27
3398,594757.23
3398.1,597209.13
3398.2,599662.99
3398.3,602118.91
3398.4,604576.94
3398.5,607037.12
3398.6,609499.47
3398.7,611964.01
3398.8,614430.78
3398.9,616899.78
3399,619371.03
3399.1,621844.59
3399.2,624320.38
3399.3,626798.31
3399.4,629278.34
3399.5,631760.46
3399.6,634244.63
3399.7,636730.84
3399.8,639219.08
3399.9,641709.34
3400,644201.6
3400.1,646695.83
3400.2,649192.03
3400.3,651690.2
3400.4,654190.37
3400.5,656692.52
3400.6,659196.66
3400.7,661702.81
3400.8,664210.95
3400.9,666721.09
3401,669233.23
3401.1,671747.25
3401.2,674263.13
3401.3,676780.93
3401.4,679300.68
3401.5,681822.41
3401.6,684346.13
3401.7,686871.86
3401.8,689399.61
3401.9,691929.39
3402,694461.21
3402.1,696995.18
3402.2,699531.29
3402.3,702069.51
3402.4,704609.82
3402.5,707152.2
3402.6,709696.63
3402.7,712243.11
3402.8,714791.63
3402.9,717342.18
3403,719894.75
3403.1,722449.4
3403.2,725006.08
3403.3,727564.75
3403.4,730125.37
3403.5,732687.94
3403.6,735252.43
3403.7,737818.83
3403.8,740387.15
3403.9,742957.36
3404,745529.47
3404.1,748103.41
3404.2,750679.13
3404.3,753256.64
3404.4,755835.92
3404.5,758416.99
3404.6,760999.85
3404.7,763584.48
3404.8,766170.9
3404.9,768759.1
3405,771349.09
3405.1,773940.79
3405.2,776534.21
3405.3,779129.37
3405.4,781726.29
3405.5,784324.99
3405.6,786925.46
3405.7,789527.72
3405.8,792131.77
3405.9,794737.62
3406,797345.27
3406.1,799954.68
3406.2,802565.82
3406.3,805178.72
3406.4,807793.39
3406.5,810409.85
3406.6,813028.09
3406.7,815648.12
3406.8,818269.95
3406.9,820893.58
3407,823519.01
3407.1,826146.13
3407.2,828774.92
3407.3,831405.44
3407.4,834037.7
3407.5,836671.75
3407.6,839307.58
3407.7,841945.22
3407.8,844584.68
3407.9,847225.97
3408,849869.1
3408.1,852514.02
3408.2,855160.67
3408.3,857809.04
3408.4,860459.14
3408.5,863110.97
3408.6,865764.51
3408.7,868419.77
3408.8,871076.76
3408.9,873735.46
3409,876395.88
3409.1,879058.03
3409.2,881721.9
3409.3,884387.49
3409.4,887054.79
3409.5,889723.79
3409.6,892394.51
3409.7,895066.92
3409.8,897741.05
3409.9,900416.88
3410,903094.41
3410.1,905773.63
3410.2,908454.54
3410.3,911137.13
3410.4,913821.41
3410.5,916507.36
3410.6,919194.99
3410.7,921884.31
3410.8,924575.29
3410.9,927267.96
3411,929962.3
3411.1,932658.24
3411.2,935355.74
3411.3,938054.86
3411.4,940755.6
3411.5,943458
3411.6,946162.06
3411.7,948867.79
3411.8,951575.2
3411.9,954284.3
3412,956995.09
3412.1,959707.49
3412.2,962421.48
3412.3,965137.08
3412.4,967854.33
3412.5,970573.23
3412.6,973293.8
3412.7,976016.05
3412.8,978739.97
3412.9,981465.59
3413,984192.9
3413.1,986921.89
3413.2,989652.49
3413.3,992384.72
3413.4,995118.56
3413.5,997854.01
3413.6,1000591.06
3413.7,1003329.72
3413.8,1006069.99
3413.9,1008811.86
3414,1011555.33
3414.1,1014300.36
3414.2,1017046.94
3414.3,1019795.08
3414.4,1022544.81
3414.5,1025296.11
3414.6,1028049
3414.7,1030803.49
3414.8,1033559.56
3414.9,1036317.24
3415,1039076.51
3415.1,1041837.36
3415.2,1044599.75
3415.3,1047363.72
3415.4,1050129.26
3415.5,1052896.38
3415.6,1055665.09
3415.7,1058435.39
3415.8,1061207.28
3415.9,1063980.77
3416,1066755.85
3416.1,1069532.48
3416.2,1072310.63
3416.3,1075090.33
3416.4,1077871.59
3416.5,1080654.4
3416.6,1083438.77
3416.7,1086224.71
3416.8,1089012.22
3416.9,1091801.3
3417,1094591.95
3417.1,1097384.13
3417.2,1100177.84
3417.3,1102973.09
3417.4,1105769.91
3417.5,1108568.3
3417.6,1111368.28
3417.7,1114169.85
3417.8,1116973.02
3417.9,1119777.78
3418,1122584.16
3418.1,1125392.08
3418.2,1128201.53
3418.3,1131012.53
3418.4,1133825.09
3418.5,1136639.22
3418.6,1139454.91
3418.7,1142272.18
3418.8,1145091.03
3418.9,1147911.47
3419,1150733.49
3419.1,1153557.05
3419.2,1156382.15
3419.3,1159208.8
3419.4,1162037.02
3419.5,1164866.82
3419.6,1167698.21
3419.7,1170531.19
3419.8,1173365.77
3419.9,1176201.95
3420,1179039.74
3420.1,1181879.11
3420.2,1184720.06
3420.3,1187562.59
3420.4,1190406.7
3420.5,1193252.39
3420.6,1196099.66
3420.7,1198948.52
3420.8,1201798.97
3420.9,1204651
3421,1207504.62
3421.1,1210359.78
3421.2,1213216.49
3421.3,1216074.75
3421.4,1218934.58
3421.5,1221795.99
3421.6,1224658.98
3421.7,1227523.56
3421.8,1230389.73
3421.9,1233257.5
3422,1236126.86
3422.1,1238997.78
3422.2,1241870.23
3422.3,1244744.26
3422.4,1247619.88
3422.5,1250497.08
3422.6,1253375.89
3422.7,1256256.31
3422.8,1259138.34
3422.9,1262021.98
3423,1264907.25
3423.1,1267794.09
3423.2,1270682.48
3423.3,1273572.44
3423.4,1276463.97
3423.5,1279357.09
3423.6,1282251.79
3423.7,1285148.08
3423.8,1288045.96
3423.9,1290945.44
3424,1293846.52
3424.1,1296748.94
3424.2,1299652.79
3424.3,1302558.31
3424.4,1305465.67
3424.5,1308374.99
3424.6,1311286.36
3424.7,1314199.86
3424.8,1317115.57
3424.9,1320033.56
3425,1322953.87
3425.1,1325876.78
3425.2,1328802.46
3425.3,1331730.86
3425.4,1334661.96
3425.5,1337595.76
3425.6,1340532.24
3425.7,1343471.4
3425.8,1346413.22
3425.9,1349357.71
3426,1352304.85
3426.1,1355254.72
3426.2,1358207.31
3426.3,1361162.57
3426.4,1364120.49
3426.5,1367081.05
3426.6,1370044.23
3426.7,1373010.03
3426.8,1375978.44
3426.9,1378949.45
3427,1381923.05
3427.1,1384899.09
3427.2,1387877.6
3427.3,1390858.7
3427.4,1393842.45
3427.5,1396828.88
3427.6,1399818.04
3427.7,1402809.95
3427.8,1405804.63
3427.9,1408802.11
3428,1411802.4
3428.1,1414805.24
3428.2,1417810.43
3428.3,1420818.05
3428.4,1423828.14
3428.5,1426840.71
3428.6,1429855.79
3428.7,1432873.39
3428.8,1435893.53
3428.9,1438916.21
3429,1441941.46
3429.1,1444969.3
3429.2,1447999.71
3429.3,1451032.64
3429.4,1454068.05
3429.5,1457105.93
3429.6,1460146.28
3429.7,1463189.07
3429.8,1466234.3
3429.9,1469281.97
3430,1472332.06
3430.1,1475384.41
3430.2,1478438.93
3430.3,1481495.65
3430.4,1484554.59
3430.5,1487615.75
3430.6,1490679.16
3430.7,1493744.82
3430.8,1496812.74
3430.9,1499882.91
3431,1502955.36
3431.1,1506030.12
3431.2,1509107.21
3431.3,1512186.64
3431.4,1515268.38
3431.5,1518352.44
3431.6,1521438.81
3431.7,1524527.5
3431.8,1527618.5
3431.9,1530711.8
3432,1533807.42
3432.1,1536905.35
3432.2,1540005.59
3432.3,1543108.14
3432.4,1546212.99
3432.5,1549320.14
3432.6,1552429.59
3432.7,1555541.34
3432.8,1558655.38
3432.9,1561771.71
3433,1564890.34
3433.1,1568011.12
3433.2,1571134.14
3433.3,1574259.54
3433.4,1577387.4
3433.5,1580517.8
3433.6,1583650.76
3433.7,1586786.34
3433.8,1589924.56
3433.9,1593065.46
3434,1596209.05
3434.1,1599355.49
3434.2,1602504.71
3434.3,1605656.6
3434.4,1608811.12
3434.5,1611968.23
3434.6,1615127.91
3434.7,1618290.12
3434.8,1621454.86
3434.9,1624622.1
3435,1627791.83
3435.1,1630964.19
3435.2,1634139.14
3435.3,1637316.59
3435.4,1640496.49
3435.5,1643678.81
3435.6,1646863.54
3435.7,1650050.64
3435.8,1653240.11
3435.9,1656431.92
3436,1659626.07
3436.1,1662822.49
3436.2,1666021.1
3436.3,1669221.92
3436.4,1672424.94
3436.5,1675630.16
3436.6,1678837.58
3436.7,1682047.2
3436.8,1685259.03
3436.9,1688473.06
3437,1691689.28
3437.1,1694907.66
3437.2,1698128.14
3437.3,1701350.73
3437.4,1704575.46
3437.5,1707802.32
3437.6,1711031.32
3437.7,1714262.46
3437.8,1717495.74
3437.9,1720731.17
3438,1723968.74
3438.1,1727208.38
3438.2,1730450.08
3438.3,1733693.89
3438.4,1736939.82
3438.5,1740187.9
3438.6,1743438.14
3438.7,1746690.55
3438.8,1749945.14
3438.9,1753201.91
3439,1756460.89
3439.1,1759722.02
3439.2,1762985.31
3439.3,1766250.76
3439.4,1769518.38
3439.5,1772788.19
3439.6,1776060.17
3439.7,1779334.35
3439.8,1782610.71
3439.9,1785889.26
3440,1789170.01
3440.1,1792452.87
3440.2,1795737.93
3440.3,1799025.29
3440.4,1802315.01
3440.5,1805607.13
3440.6,1808901.67
3440.7,1812198.68
3440.8,1815498.16
3440.9,1818800.13
3441,1822104.63
3441.1,1825411.63
3441.2,1828721.05
3441.3,1832032.85
3441.4,1835347
3441.5,1838663.49
3441.6,1841982.3
3441.7,1845303.43
3441.8,1848626.86
3441.9,1851952.6
3442,1855280.62
3442.1,1858610.9
3442.2,1861943.38
3442.3,1865278.09
3442.4,1868615.02
3442.5,1871954.17
3442.6,1875295.56
3442.7,1878639.17
3442.8,1881985.02
3442.9,1885333.1
3443,1888683.42
3443.1,1892035.87
3443.2,1895390.47
3443.3,1898747.28
3443.4,1902106.34
3443.5,1905467.67
3443.6,1908831.29
3443.7,1912197.22
3443.8,1915565.47
3443.9,1918936.05
3444,1922308.98
3444.1,1925684.23
3444.2,1929061.81
3444.3,1932441.72
3444.4,1935823.95
3444.5,1939208.52
3444.6,1942595.43
3444.7,1945984.68
3444.8,1949376.27
3444.9,1952770.2
3445,1956166.48
3445.1,1959565.01
3445.2,1962965.84
3445.3,1966369.02
3445.4,1969774.59
3445.5,1973182.59
3445.6,1976593.01
3445.7,1980005.89
3445.8,1983421.24
3445.9,1986839.07
3446,1990259.38
3446.1,1993682.13
3446.2,1997107.44
3446.3,2000535.45
3446.4,2003966.2
3446.5,2007399.76
3446.6,2010836.16
3446.7,2014275.44
3446.8,2017717.61
3446.9,2021162.7
3447,2024610.74
3447.1,2028061.68
3447.2,2031515.27
3447.3,2034971.41
3447.4,2038430.07
3447.5,2041891.2
3447.6,2045354.78
3447.7,2048820.78
3447.8,2052289.2
3447.9,2055760.01
3448,2059233.21
3448.1,2062708.74
3448.2,2066186.61
3448.3,2069666.83
3448.4,2073149.42
3448.5,2076634.38
3448.6,2080121.72
3448.7,2083611.43
3448.8,2087103.53
3448.9,2090598.02
3449,2094094.89
3449.1,2097594.11
3449.2,2101095.59
3449.3,2104599.34
3449.4,2108105.35
3449.5,2111613.62
3449.6,2115124.14
3449.7,2118636.91
3449.8,2122151.93
3449.9,2125669.21
3450,2129188.73
3450.1,2132710.47
3450.2,2136234.45
3450.3,2139760.69
3450.4,2143289.23
3450.5,2146820.07
3450.6,2150353.23
3450.7,2153888.7
3450.8,2157426.51
3450.9,2160966.65
3451,2164509.13
3451.1,2168053.9
3451.2,2171601.02
3451.3,2175150.58
3451.4,2178702.61
3451.5,2182257.14
3451.6,2185814.19
3451.7,2189373.77
3451.8,2192935.91
3451.9,2196500.61
3452,2200067.89
3452.1,2203637.82
3452.2,2207210.43
3452.3,2210785.7
3452.4,2214363.63
3452.5,2217944.21
3452.6,2221527.43
3452.7,2225113.3
3452.8,2228701.81
3452.9,2232292.96
3453,2235886.75
3453.1,2239483.14
3453.2,2243082.1
3453.3,2246683.65
3453.4,2250287.79
3453.5,2253894.51
3453.6,2257503.82
3453.7,2261115.73
3453.8,2264730.22
3453.9,2268347.31
3454,2271966.98
3454.1,2275589.25
3454.2,2279214.06
3454.3,2282841.4
3454.4,2286471.28
3454.5,2290103.67
3454.6,2293738.58
3454.7,2297376
3454.8,2301015.92
3454.9,2304658.36
3455,2308303.3
3455.1,2311950.68
3455.2,2315600.47
3455.3,2319252.68
3455.4,2322907.32
3455.5,2326564.4
3455.6,2330223.94
3455.7,2333885.92
3455.8,2337550.36
3455.9,2341217.25
3456,2344886.61
3456.1,2348558.44
3456.2,2352232.82
3456.3,2355909.77
3456.4,2359589.3
3456.5,2363271.42
3456.6,2366956.14
3456.7,2370643.47
3456.8,2374333.42
3456.9,2378025.98
3457,2381721.16
3457.1,2385418.83
3457.2,2389119.07
3457.3,2392821.99
3457.4,2396527.65
3457.5,2400236.11
3457.6,2403947.39
3457.7,2407661.52
3457.8,2411378.54
3457.9,2415098.46
3458,2418821.31
3458.1,2422546.97
3458.2,2426275.26
3458.3,2430006.12
3458.4,2433739.53
3458.5,2437475.48
3458.6,2441213.94
3458.7,2444954.91
3458.8,2448698.39
3458.9,2452444.36
3459,2456192.81
3459.1,2459943.65
3459.2,2463696.96
3459.3,2467452.84
3459.4,2471211.34
3459.5,2474972.52
3459.6,2478736.39
3459.7,2482503
3459.8,2486272.36
3459.9,2490044.5
3460,2493819.43
3460.1,2497597.08
3460.2,2501377.35
3460.3,2505160.25
3460.4,2508945.75
3460.5,2512733.85
3460.6,2516524.56
3460.7,2520317.86
3460.8,2524113.76
3460.9,2527912.25
3461,2531713.34
3461.1,2535516.93
3461.2,2539322.95
3461.3,2543131.42
3461.4,2546942.35
3461.5,2550755.74
3461.6,2554571.59
3461.7,2558389.91
3461.8,2562210.7
3461.9,2566033.96
3462,2569859.69
3462.1,2573687.98
3462.2,2577518.9
3462.3,2581352.45
3462.4,2585188.65
3462.5,2589027.47
3462.6,2592868.94
3462.7,2596713.04
3462.8,2600559.78
3462.9,2604409.16
3463,2608261.18
3463.1,2612115.75
3463.2,2615972.8
3463.3,2619832.32
3463.4,2623694.32
3463.5,2627558.79
3463.6,2631425.74
3463.7,2635295.17
3463.8,2639167.07
3463.9,2643041.45
3464,2646918.32
3464.1,2650797.55
3464.2,2654679.19
3464.3,2658563.31
3464.4,2662449.94
3464.5,2666339.11
3464.6,2670230.84
3464.7,2674125.16
3464.8,2678022.08
3464.9,2681921.61
3465,2685823.77
3465.1,2689728.46
3465.2,2693635.62
3465.3,2697545.29
3465.4,2701457.46
3465.5,2705372.15
3465.6,2709289.37
3465.7,2713209.12
3465.8,2717131.41
3465.9,2721056.24
3466,2724983.61
3466.1,2728913.51
3466.2,2732845.91
3466.3,2736780.82
3466.4,2740718.23
3466.5,2744658.14
3466.6,2748600.56
3466.7,2752545.47
3466.8,2756492.89
3466.9,2760442.8
3467,2764395.22
3467.1,2768350.02
3467.2,2772307.21
3467.3,2776266.84
3467.4,2780228.95
3467.5,2784193.56
3467.6,2788160.69
3467.7,2792130.36
3467.8,2796102.57
3467.9,2800077.34
3468,2804054.68
3468.1,2808034.6
3468.2,2812017.09
3468.3,2816002.15
3468.4,2819989.76
3468.5,2823979.94
3468.6,2827972.67
3468.7,2831967.96
3468.8,2835965.8
3468.9,2839966.2
3469,2843969.15
3469.1,2847974.77
3469.2,2851983
3469.3,2855993.75
3469.4,2860006.97
3469.5,2864022.63
3469.6,2868040.69
3469.7,2872061.15
3469.8,2876083.98
3469.9,2880109.17
3470,2884136.7
3470.1,2888166.52
3470.2,2892198.65
3470.3,2896233.19
3470.4,2900270.15
3470.5,2904309.57
3470.6,2908351.47
3470.7,2912395.85
3470.8,2916442.75
3470.9,2920492.16
3471,2924544.1
3471.1,2928598.56
3471.2,2932655.55
3471.3,2936715.07
3471.4,2940777.14
3471.5,2944841.76
3471.6,2948908.93
3471.7,2952978.65
3471.8,2957050.93
3471.9,2961125.77
3472,2965203.17
3472.1,2969283.13
3472.2,2973365.68
3472.3,2977450.84
3472.4,2981538.62
3472.5,2985629.02
3472.6,2989722.05
3472.7,2993817.72
3472.8,2997916.03
3472.9,3002016.98
3473,3006120.58
3473.1,3010226.71
3473.2,3014335.38
3473.3,3018446.67
3473.4,3022560.62
3473.5,3026677.24
3473.6,3030796.58
3473.7,3034918.63
3473.8,3039043.43
3473.9,3043170.97
3474,3047301.28
3474.1,3051434.4
3474.2,3055570.37
3474.3,3059709.18
3474.4,3063850.83
3474.5,3067995.31
3474.6,3072142.62
3474.7,3076292.77
3474.8,3080445.74
3474.9,3084601.54
3475,3088760.16
3475.1,3092921.5
3475.2,3097085.46
3475.3,3101252.04
3475.4,3105421.27
3475.5,3109593.14
3475.6,3113767.65
3475.7,3117944.81
3475.8,3122124.62
3475.9,3126307.08
3476,3130492.2
3476.1,3134680.03
3476.2,3138870.59
3476.3,3143063.83
3476.4,3147259.76
3476.5,3151458.34
3476.6,3155659.59
3476.7,3159863.49
3476.8,3164070.03
3476.9,3168279.21
3477,3172491.02
3477.1,3176705.43
3477.2,3180922.4
3477.3,3185141.95
3477.4,3189364.08
3477.5,3193588.81
3477.6,3197816.12
3477.7,3202046.03
3477.8,3206278.53
3477.9,3210513.63
3478,3214751.33
3478.1,3218991.61
3478.2,3223234.48
3478.3,3227479.95
3478.4,3231728.03
3478.5,3235978.73
3478.6,3240232.06
3478.7,3244488.01
3478.8,3248746.59
3478.9,3253007.8
3479,3257271.65
3479.1,3261538.12
3479.2,3265807.27
3479.3,3270079.1
3479.4,3274353.64
3479.5,3278630.9
3479.6,3282910.87
3479.7,3287193.58
3479.8,3291479.03
3479.9,3295767.21
3480,3300058.14
3480.1,3304351.74
3480.2,3308647.97
3480.3,3312946.85
3480.4,3317248.4
3480.5,3321552.61
3480.6,3325859.49
3480.7,3330169.05
3480.8,3334481.3
3480.9,3338796.23
3481,3343113.85
3481.1,3347434.14
3481.2,3351757.08
3481.3,3356082.68
3481.4,3360410.94
3481.5,3364741.86
3481.6,3369075.43
3481.7,3373411.67
3481.8,3377750.57
3481.9,3382092.13
3482,3386436.36
3482.1,3390783.22
3482.2,3395132.73
3482.3,3399484.88
3482.4,3403839.68
3482.5,3408197.13
3482.6,3412557.23
3482.7,3416920
3482.8,3421285.41
3482.9,3425653.49
3483,3430024.23
3483.1,3434397.61
3483.2,3438773.61
3483.3,3443152.23
3483.4,3447533.48
3483.5,3451917.36
3483.6,3456303.87
3483.7,3460693
3483.8,3465084.77
3483.9,3469479.17
3484,3473876.2
3484.1,3478275.78
3484.2,3482677.89
3484.3,3487082.58
3484.4,3491489.88
3484.5,3495899.79
3484.6,3500312.34
3484.7,3504727.53
3484.8,3509145.37
3484.9,3513565.87
3485,3517989.03
3485.1,3522414.81
3485.2,3526843.19
3485.3,3531274.2
3485.4,3535707.88
3485.5,3540144.22
3485.6,3544583.24
3485.7,3549024.95
3485.8,3553469.35
3485.9,3557916.45
3486,3562366.25
3486.1,3566818.65
3486.2,3571273.7
3486.3,3575731.5
3486.4,3580192.1
3486.5,3584655.55
3486.6,3589121.87
3486.7,3593591.09
3486.8,3598063.23
3486.9,3602538.3
3487,3607016.34
3487.1,3611497.16
3487.2,3615980.68
3487.3,3620466.92
3487.4,3624955.91
3487.5,3629447.66
3487.6,3633942.18
3487.7,3638439.49
3487.8,3642939.58
3487.9,3647442.48
3488,3651948.18
3488.1,3656456.49
3488.2,3660967.5
3488.3,3665481.37
3488.4,3669998.19
3488.5,3674518.02
3488.6,3679040.93
3488.7,3683566.94
3488.8,3688096.1
3488.9,3692628.44
3489,3697163.99
3489.1,3701703.04
3489.2,3706245.73
3489.3,3710792
3489.4,3715341.81
3489.5,3719895.15
3489.6,3724451.99
3489.7,3729012.33
3489.8,3733576.14
3489.9,3738143.42
3490,3742714.15
3490.1,3747288.23
3490.2,3751865.45
3490.3,3756445.74
3490.4,3761029.08
3490.5,3765615.46
3490.6,3770204.86
3490.7,3774797.26
3490.8,3779392.66
3490.9,3783991.06
3491,3788592.43
3491.1,3793196.59
3491.2,3797803.58
3491.3,3802413.53
3491.4,3807026.52
3491.5,3811642.59
3491.6,3816261.8
3491.7,3820884.16
3491.8,3825509.73
3491.9,3830138.51
3492,3834770.53
3492.1,3839405.72
3492.2,3844044.12
3492.3,3848685.79
3492.4,3853330.78
3492.5,3857979.1
3492.6,3862630.78
3492.7,3867285.83
3492.8,3871944.27
3492.9,3876606.1
3493,3881271.35
3493.1,3885940.23
3493.2,3890612.72
3493.3,3895288.68
3493.4,3899968.06
3493.5,3904650.82
3493.6,3909336.91
3493.7,3914026.32
3493.8,3918719.02
3493.9,3923414.98
3494,3928114.2
3494.1,3932816.68
3494.2,3937522.44
3494.3,3942231.46
3494.4,3946943.71
3494.5,3951659.2
3494.6,3956377.92
3494.7,3961099.86
3494.8,3965825.03
3494.9,3970553.41
3495,3975285.01
3495.1,3980019.75
3495.2,3984757.55
3495.3,3989498.42
3495.4,3994242.37
3495.5,3998989.39
3495.6,4003739.5
3495.7,4008492.68
3495.8,4013248.95
3495.9,4018008.31
3496,4022770.75
3496.1,4027536.22
3496.2,4032304.74
3496.3,4037076.34
3496.4,4041851.04
3496.5,4046628.84
3496.6,4051409.77
3496.7,4056193.82
3496.8,4060981.01
3496.9,4065771.34
3497,4070564.81
3497.1,4075361.36
3497.2,4080160.97
3497.3,4084963.67
3497.4,4089769.46
3497.5,4094578.38
3497.6,4099390.41
3497.7,4104205.58
3497.8,4109023.88
3497.9,4113845.32
3498,4118669.91
3498.1,4123497.57
3498.2,4128328.27
3498.3,4133162.01
3498.4,4137998.81
3498.5,4142838.67
3498.6,4147681.59
3498.7,4152527.58
3498.8,4157376.65
3498.9,4162228.79
3499,4167084.01
3499.1,4171942.26
3499.2,4176803.55
3499.3,4181667.91
3499.4,4186535.34
3499.5,4191405.87
3499.6,4196279.5
3499.7,4201156.23
3499.8,4206036.08
3499.9,4210919.04
3500,4215805.13
3500.1,4220694.33
3500.2,4225586.67
3500.3,4230482.18
3500.4,4235380.88
3500.5,4240282.76
3500.6,4245187.84
3500.7,4250096.12
3500.8,4255007.61
3500.9,4259922.31
3501,4264840.22
3501.1,4269761.28
3501.2,4274685.44
3501.3,4279612.7
3501.4,4284543.07
3501.5,4289476.54
3501.6,4294413.12
3501.7,4299352.8
3501.8,4304295.6
3501.9,4309241.51
3502,4314190.53
3502.1,4319142.64
3502.2,4324097.84
3502.3,4329056.18
3502.4,4334017.65
3502.5,4338982.28
3502.6,4343950.07
3502.7,4348921.02
3502.8,4353895.15
3502.9,4358872.45
3503,4363852.93
3503.1,4368836.56
3503.2,4373823.34
3503.3,4378813.32
3503.4,4383806.5
3503.5,4388802.91
3503.6,4393802.56
3503.7,4398805.45
3503.8,4403811.58
3503.9,4408820.97
3504,4413833.62
3504.1,4418849.53
3504.2,4423868.75
3504.3,4428891.3
3504.4,4433917.21
3504.5,4438946.49
3504.6,4443979.15
3504.7,4449015.19
3504.8,4454054.62
3504.9,4459097.45
3505,4464143.69
3505.1,4469193.16
3505.2,4474245.95
3505.3,4479302.2
3505.4,4484361.99
3505.5,4489425.38
3505.6,4494492.4
3505.7,4499563.09
3505.8,4504637.49
3505.9,4509715.62
3506,4514797.5
3506.1,4519883.1
3506.2,4524972.35
3506.3,4530065.27
3506.4,4535161.87
3506.5,4540262.15
3506.6,4545366.11
3506.7,4550473.76
3506.8,4555585.09
3506.9,4560700.12
3507,4565818.83
3507.1,4570941.14
3507.2,4576067.01
3507.3,4581196.51
3507.4,4586329.65
3507.5,4591466.46
3507.6,4596606.96
3507.7,4601751.15
3507.8,4606899.04
3507.9,4612050.65
3508,4617205.98
3508.1,4622365.03
3508.2,4627527.73
3508.3,4632694.07
3508.4,4637864.02
3508.5,4643037.59
3508.6,4648214.75
3508.7,4653395.5
3508.8,4658579.84
3508.9,4663767.77
3509,4668959.27
3509.1,4674154.29
3509.2,4679352.76
3509.3,4684554.67
3509.4,4689760.02
3509.5,4694968.82
3509.6,4700181.06
3509.7,4705396.74
3509.8,4710615.87
3509.9,4715838.44
3510,4721064.45
3510.1,4726293.91
3510.2,4731526.81
3510.3,4736763.18
3510.4,4742003
3510.5,4747246.28
3510.6,4752493.03
3510.7,4757743.24
3510.8,4762996.91
3510.9,4768254.04
3511,4773514.64
3511.1,4778778.69
3511.2,4784046.21
3511.3,4789317.25
3511.4,4794591.81
3511.5,4799869.9
3511.6,4805151.54
3511.7,4810436.72
3511.8,4815725.46
3511.9,4821017.75
3512,4826313.61
3512.1,4831612.98
3512.2,4836915.85
3512.3,4842222.26
3512.4,4847532.24
3512.5,4852845.79
3512.6,4858162.93
3512.7,4863483.66
3512.8,4868807.99
3512.9,4874135.93
3513,4879467.48
3513.1,4884802.71
3513.2,4890141.63
3513.3,4895484.21
3513.4,4900830.46
3513.5,4906180.36
3513.6,4911533.9
3513.7,4916891.09
3513.8,4922251.91
3513.9,4927616.37
3514,4932984.46
3514.1,4938356.4
3514.2,4943732.19
3514.3,4949111.72
3514.4,4954494.91
3514.5,4959881.72
3514.6,4965272.12
3514.7,4970666.09
3514.8,4976063.6
3514.9,4981464.63
3515,4986869.17
3515.1,4992277.22
3515.2,4997688.75
3515.3,5003103.76
3515.4,5008522.22
3515.5,5013944.12
3515.6,5019369.46
3515.7,5024798.23
3515.8,5030230.43
3515.9,5035666.05
3516,5041105.1
3516.1,5046547.55
3516.2,5051993.43
3516.3,5057442.73
3516.4,5062895.46
3516.5,5068351.62
3516.6,5073811.22
3516.7,5079274.25
3516.8,5084740.72
3516.9,5090210.63
3517,5095683.97
3517.1,5101160.7
3517.2,5106640.86
3517.3,5112124.49
3517.4,5117611.6
3517.5,5123102.23
3517.6,5128596.38
3517.7,5134094.06
3517.8,5139595.29
3517.9,5145100.07
3518,5150608.4
3518.1,5156120.31
3518.2,5161635.79
3518.3,5167154.87
3518.4,5172677.55
3518.5,5178203.83
3518.6,5183733.71
3518.7,5189267.21
3518.8,5194804.31
3518.9,5200345.02
3519,5205889.35
3519.1,5211437.18
3519.2,5216988.47
3519.3,5222543.21
3519.4,5228101.43
3519.5,5233663.14
3519.6,5239228.33
3519.7,5244797.02
3519.8,5250369.2
3519.9,5255944.89
3520,5261524.08
3520.1,5267106.73
3520.2,5272692.85
3520.3,5278282.43
3520.4,5283875.5
3520.5,5289472.06
3520.6,5295072.11
3520.7,5300675.65
3520.8,5306282.7
3520.9,5311893.26
3521,5317507.32
3521.1,5323124.81
3521.2,5328745.73
3521.3,5334370.12
3521.4,5339997.99
3521.5,5345629.36
3521.6,5351264.25
3521.7,5356902.66
3521.8,5362544.59
3521.9,5368190.06
3522,5373839.07
3522.1,5379491.57
3522.2,5385147.52
3522.3,5390806.91
3522.4,5396469.77
3522.5,5402136.09
3522.6,5407805.88
3522.7,5413479.13
3522.8,5419155.85
3522.9,5424836.04
3523,5430519.71
3523.1,5436206.81
3523.2,5441897.36
3523.3,5447591.37
3523.4,5453288.84
3523.5,5458989.78
3523.6,5464694.2
3523.7,5470402.09
3523.8,5476113.46
3523.9,5481828.31
3524,5487546.65
3524.1,5493268.47
3524.2,5498993.78
3524.3,5504722.6
3524.4,5510454.94
3524.5,5516190.79
3524.6,5521930.16
3524.7,5527673.06
3524.8,5533419.48
3524.9,5539169.43
3525,5544922.91
3525.1,5550679.89
3525.2,5556440.35
3525.3,5562204.28
3525.4,5567971.7
3525.5,5573742.59
3525.6,5579516.97
3525.7,5585294.83
3525.8,5591076.18
3525.9,5596861.01
3526,5602649.33
3526.1,5608441.04
3526.2,5614236.14
3526.3,5620034.68
3526.4,5625836.71
3526.5,5631642.23
3526.6,5637451.26
3526.7,5643263.83
3526.8,5649079.93
3526.9,5654899.58
3527,5660722.8
3527.1,5666549.63
3527.2,5672380.09
3527.3,5678214.17
3527.4,5684051.84
3527.5,5689893.09
3527.6,5695737.93
3527.7,5701586.35
3527.8,5707438.34
3527.9,5713293.89
3528,5719153.01
3528.1,5725015.64
3528.2,5730881.79
3528.3,5736751.53
3528.4,5742624.88
3528.5,5748501.85
3528.6,5754382.45
3528.7,5760266.71
3528.8,5766154.62
3528.9,5772046.21
3529,5777941.46
3529.1,5783840.35
3529.2,5789742.89
3529.3,5795649.13
3529.4,5801559.08
3529.5,5807472.76
3529.6,5813390.19
3529.7,5819311.37
3529.8,5825236.31
3529.9,5831165.02
3530,5837097.5
3530.1,5843033.8
3530.2,5848973.93
3530.3,5854917.87
3530.4,5860865.63
3530.5,5866817.2
3530.6,5872772.58
3530.7,5878731.76
3530.8,5884694.73
3530.9,5890661.51
3531,5896632.09
3531.1,5902606.38
3531.2,5908584.35
3531.3,5914566.02
3531.4,5920551.4
3531.5,5926540.52
3531.6,5932533.36
3531.7,5938529.95
3531.8,5944530.27
3531.9,5950534.35
3532,5956542.18
3532.1,5962553.7
3532.2,5968568.87
3532.3,5974587.67
3532.4,5980610.12
3532.5,5986636.22
3532.6,5992665.96
3532.7,5998699.34
3532.8,6004736.37
3532.9,6010777.05
3533,6016821.37
3533.1,6022869.27
3533.2,6028920.75
3533.3,6034975.84
3533.4,6041034.55
3533.5,6047096.91
3533.6,6053162.91
3533.7,6059232.57
3533.8,6065305.89
3533.9,6071382.89
3534,6077463.56
3534.1,6083547.84
3534.2,6089635.73
3534.3,6095727.26
3534.4,6101822.44
3534.5,6107921.29
3534.6,6114023.81
3534.7,6120130.01
3534.8,6126239.89
3534.9,6132353.47
3535,6138470.75
3535.1,6144591.64
3535.2,6150716.12
3535.3,6156844.22
3535.4,6162975.93
3535.5,6169111.28
3535.6,6175250.28
3535.7,6181392.93
3535.8,6187539.23
3535.9,6193689.19
3536,6199842.81
3536.1,6206000.04
3536.2,6212160.87
3536.3,6218325.29
3536.4,6224493.32
3536.5,6230664.97
3536.6,6236840.24
3536.7,6243019.13
3536.8,6249201.65
3536.9,6255387.79
3537,6261577.57
3537.1,6267770.89
3537.2,6273967.74
3537.3,6280168.18
3537.4,6286372.22
3537.5,6292579.89
3537.6,6298791.19
3537.7,6305006.15
3537.8,6311224.77
3537.9,6317447.05
3538,6323673.01
3538.1,6329902.59
3538.2,6336135.78
3538.3,6342372.59
3538.4,6348613.04
3538.5,6354857.15
3538.6,6361104.91
3538.7,6367356.34
3538.8,6373611.43
3538.9,6379870.2
3539,6386132.65
3539.1,6392398.77
3539.2,6398668.58
3539.3,6404942.12
3539.4,6411219.4
3539.5,6417500.42
3539.6,6423785.18
3539.7,6430073.71
3539.8,6436365.99
3539.9,6442662.04
3540,6448961.86
3540.1,6455265.4
3540.2,6461572.68
3540.3,6467883.71
3540.4,6474198.51
3540.5,6480517.08
3540.6,6486839.44
3540.7,6493165.59
3540.8,6499495.54
3540.9,6505829.28
3541,6512166.83
3541.1,6518508.08
3541.2,6524853.03
3541.3,6531201.74
3541.4,6537554.22
3541.5,6543910.52
3541.6,6550270.63
3541.7,6556634.59
3541.8,6563002.38
3541.9,6569374.04
3542,6575749.56
3542.1,6582128.91
3542.2,6588512.06
3542.3,6594899.03
3542.4,6601289.83
3542.5,6607684.47
3542.6,6614082.94
3542.7,6620485.26
3542.8,6626891.42
3542.9,6633301.43
3543,6639715.3
3543.1,6646132.94
3543.2,6652554.36
3543.3,6658979.57
3543.4,6665408.59
3543.5,6671841.42
3543.6,6678278.08
3543.7,6684718.57
3543.8,6691162.89
3543.9,6697611.06
3544,6704063.07
3544.1,6710518.88
3544.2,6716978.45
3544.3,6723441.81
3544.4,6729908.95
3544.5,6736379.88
3544.6,6742854.62
3544.7,6749333.15
3544.8,6755815.49
3544.9,6762301.63
3545,6768791.59
3545.1,6775285.35
3545.2,6781782.92
3545.3,6788284.32
3545.4,6794789.53
3545.5,6801298.58
3545.6,6807811.45
3545.7,6814328.14
3545.8,6820848.67
3545.9,6827373.03
3546,6833901.21
3546.1,6840433.21
3546.2,6846969
3546.3,6853508.58
3546.4,6860051.94
3546.5,6866599.09
3546.6,6873150.03
3546.7,6879704.75
3546.8,6886263.26
3546.9,6892825.56
3547,6899391.64
3547.1,6905961.38
3547.2,6912534.82
3547.3,6919112.03
3547.4,6925693.04
3547.5,6932277.9
3547.6,6938866.63
3547.7,6945459.24
3547.8,6952055.76
3547.9,6958656.2
3548,6965260.57
3548.1,6971868.87
3548.2,6978481.11
3548.3,6985097.28
3548.4,6991717.38
3548.5,6998341.4
3548.6,7004969.35
3548.7,7011601.22
3548.8,7018237.02
3548.9,7024876.74
3549,7031520.38
3549.1,7038167.86
3549.2,7044819.15
3549.3,7051474.31
3549.4,7058133.35
3549.5,7064796.28
3549.6,7071463.11
3549.7,7078133.86
3549.8,7084808.53
3549.9,7091487.13
3550,7098169.67
3550.1,7104856.13
3550.2,7111546.58
3550.3,7118241.02
3550.4,7124939.49
3550.5,7131641.98
3550.6,7138348.51
3550.7,7145059.09
3550.8,7151773.72
3550.9,7158492.4
3551,7165215.15
3551.1,7171941.93
3551.2,7178672.74
3551.3,7185407.57
3551.4,7192146.42
3551.5,7198889.3
3551.6,7205636.2
3551.7,7212387.13
3551.8,7219142.08
3551.9,7225901.06
3552,7232664.06
3552.1,7239430.95
3552.2,7246201.69
3552.3,7252976.33
3552.4,7259754.9
3552.5,7266537.43
3552.6,7273323.94
3552.7,7280114.43
3552.8,7286908.92
3552.9,7293707.42
3553,7300509.94
3553.1,7307316.38
3553.2,7314126.77
3553.3,7320941.16
3553.4,7327759.58
3553.5,7334582.06
3553.6,7341408.61
3553.7,7348239.25
3553.8,7355074
3553.9,7361912.85
3554,7368755.83
3554.1,7375602.85
3554.2,7382453.9
3554.3,7389309.02
3554.4,7396168.22
3554.5,7403031.52
3554.6,7409898.92
3554.7,7416770.45
3554.8,7423646.1
3554.9,7430525.89
3555,7437409.81
3555.1,7444297.74
3555.2,7451189.6
3555.3,7458085.45
3555.4,7464985.3
3555.5,7471889.18
3555.6,7478797.1
3555.7,7485709.07
3555.8,7492625.1
3555.9,7499545.19
3556,7506469.36
3556.1,7513397.58
3556.2,7520329.84
3556.3,7527266.16
3556.4,7534206.52
3556.5,7541150.95
3556.6,7548099.43
3556.7,7555051.98
3556.8,7562008.58
3556.9,7568969.26
3557,7575933.99
3557.1,7582902.76
3557.2,7589875.52
3557.3,7596852.29
3557.4,7603833.08
3557.5,7610817.89
3557.6,7617806.72
3557.7,7624799.56
3557.8,7631796.44
3557.9,7638797.34
3558,7645802.27
3558.1,7652811.15
3558.2,7659824
3558.3,7666840.85
3558.4,7673861.72
3558.5,7680886.62
3558.6,7687915.57
3558.7,7694948.58
3558.8,7701985.65
3558.9,7709026.8
3559,7716072.01
3559.1,7723121.21
3559.2,7730174.41
3559.3,7737231.68
3559.4,7744293.07
3559.5,7751358.6
3559.6,7758428.29
3559.7,7765502.17
3559.8,7772580.24
3559.9,7779662.53
3560,7786749.04
3560.1,7793839.15
3560.2,7800932.88
3560.3,7808030.68
3560.4,7815132.8
3560.5,7822239.45
3560.6,7829350.76
3560.7,7836466.89
3560.8,7843587.93
3560.9,7850713.99
3561,7857845.17
3561.1,7864980.98
3561.2,7872120.93
3561.3,7879265.03
3561.4,7886413.3
3561.5,7893565.74
3561.6,7900722.35
3561.7,7907883.13
3561.8,7915048.1
3561.9,7922217.25
3562,7929390.58
3562.1,7936569.51
3562.2,7943754.56
3562.3,7950945.3
3562.4,7958141.51
3562.5,7965343.04
3562.6,7972549.78
3562.7,7979761.65
3562.8,7986978.56
3562.9,7994200.46
3563,8001427.29
3563.1,8008658.55
3563.2,8015893.93
3563.3,8023133.5
3563.4,8030377.31
3563.5,8037625.4
3563.6,8044877.79
3563.7,8052134.49
3563.8,8059395.53
3563.9,8066660.92
3564,8073930.68
3564.1,8081204.81
3564.2,8088483.33
3564.3,8095766.2
3564.4,8103053.43
3564.5,8110345.01
3564.6,8117640.94
3564.7,8124941.21
3564.8,8132245.82
3564.9,8139554.77
3565,8146868.06
3565.1,8154185.55
3565.2,8161507.19
3565.3,8168833.02
3565.4,8176163.06
3565.5,8183497.32
3565.6,8190835.83
3565.7,8198178.59
3565.8,8205525.61
3565.9,8212876.89
3566,8220232.45
3566.1,8227592.18
3566.2,8234956.07
3566.3,8242324.22
3566.4,8249696.65
3566.5,8257073.39
3566.6,8264454.47
3566.7,8271839.9
3566.8,8279229.7
3566.9,8286623.88
3567,8294022.45
3567.1,8301425.34
3567.2,8308832.54
3567.3,8316244.1
3567.4,8323660.04
3567.5,8331080.38
3567.6,8338505.13
3567.7,8345934.31
3567.8,8353367.92
3567.9,8360805.97
3568,8368248.47
3568.1,8375695.34
3568.2,8383146.56
3568.3,8390602.17
3568.4,8398062.18
3568.5,8405526.61
3568.6,8412995.48
3568.7,8420468.78
3568.8,8427946.54
3568.9,8435428.74
3569,8442915.41
3569.1,8450406.47
3569.2,8457901.98
3569.3,8465402.01
3569.4,8472906.6
3569.5,8480415.79
3569.6,8487929.59
3569.7,8495448.03
3569.8,8502971.12
3569.9,8510498.88
3570,8518031.31
3570.1,8525568.5
3570.2,8533110.43
3570.3,8540657.06
3570.4,8548208.36
3570.5,8555764.32
3570.6,8563324.92
3570.7,8570890.15
3570.8,8578460
3570.9,8586034.47
3571,8593613.55
3571.1,8601197.12
3571.2,8608785.19
3571.3,8616377.81
3571.4,8623975.02
3571.5,8631576.83
3571.6,8639183.27
3571.7,8646794.35
3571.8,8654410.08
3571.9,8662030.47
3572,8669655.54
3572.1,8677285.19
3572.2,8684919.37
3572.3,8692558.1
3572.4,8700201.4
3572.5,8707849.28
3572.6,8715501.74
3572.7,8723158.79
3572.8,8730820.43
3572.9,8738486.67
3573,8746157.52
3573.1,8753832.9
3573.2,8761512.76
3573.3,8769197.1
3573.4,8776885.94
3573.5,8784579.25
3573.6,8792277.05
3573.7,8799979.34
3573.8,8807686.12
3573.9,8815397.39
3574,8823113.14
3574.1,8830833.33
3574.2,8838557.94
3574.3,8846286.98
3574.4,8854020.46
3574.5,8861758.39
3574.6,8869500.76
3574.7,8877247.6
3574.8,8884998.89
3574.9,8892754.64
3575,8900514.86
3575.1,8908279.43
3575.2,8916048.3
3575.3,8923821.53
3575.4,8931599.13
3575.5,8939381.13
3575.6,8947167.53
3575.7,8954958.34
3575.8,8962753.58
3575.9,8970553.26
3576,8978357.36
3576.1,8986165.77
3576.2,8993978.47
3576.3,9001795.53
3576.4,9009617.01
3576.5,9017442.94
3576.6,9025273.33
3576.7,9033108.22
3576.8,9040947.61
3576.9,9048791.52
3577,9056639.96
3577.1,9064492.88
3577.2,9072350.31
3577.3,9080212.28
3577.4,9088078.84
3577.5,9095949.99
3577.6,9103825.76
3577.7,9111706.16
3577.8,9119591.19
3577.9,9127480.86
3578,9135375.19
3578.1,9143273.98
3578.2,9151177.16
3578.3,9159084.81
3578.4,9166996.97
3578.5,9174913.68
3578.6,9182834.94
3578.7,9190760.78
3578.8,9198691.22
3578.9,9206626.26
3579,9214565.93
3579.1,9222510.41
3579.2,9230459.78
3579.3,9238413.96
3579.4,9246372.94
3579.5,9254336.67
3579.6,9262305.14
3579.7,9270278.34
3579.8,9278256.25
3579.9,9286238.86
3580,9294226.16
3580.1,9302218.17
3580.2,9310214.91
3580.3,9318216.41
3580.4,9326222.67
3580.5,9334233.68
3580.6,9342249.45
3580.7,9350270
3580.8,9358295.3
3580.9,9366325.38
3581,9374360.23
3581.1,9382399.74
3581.2,9390443.8
3581.3,9398492.41
3581.4,9406545.57
3581.5,9414603.29
3581.6,9422665.55
3581.7,9430732.36
3581.8,9438803.72
3581.9,9446879.63
3582,9454960.08
3582.1,9463044.97
3582.2,9471134.24
3582.3,9479227.95
3582.4,9487326.13
3582.5,9495428.79
3582.6,9503535.96
3582.7,9511647.64
3582.8,9519763.85
3582.9,9527884.58
3583,9536009.86
3583.1,9544139.55
3583.2,9552273.63
3583.3,9560412.15
3583.4,9568555.17
3583.5,9576702.68
3583.6,9584854.73
3583.7,9593011.32
3583.8,9601172.46
3583.9,9609338.17
3584,9617508.45
3584.1,9625683.15
3584.2,9633862.24
3584.3,9642045.77
3584.4,9650233.8
3584.5,9658426.34
3584.6,9666623.42
3584.7,9674825.06
3584.8,9683031.26
3584.9,9691242.05
3585,9699457.44
3585.1,9707677.31
3585.2,9715901.61
3585.3,9724130.37
3585.4,9732363.62
3585.5,9740601.37
3585.6,9748843.63
3585.7,9757090.4
3585.8,9765341.69
3585.9,9773597.51
3586,9781857.87
3586.1,9790122.68
3586.2,9798391.92
3586.3,9806665.63
3586.4,9814943.84
3586.5,9823226.56
3586.6,9831513.79
3586.7,9839805.55
3586.8,9848101.85
3586.9,9856402.69
3587,9864708.07
3587.1,9873017.95
3587.2,9881332.32
3587.3,9889651.23
3587.4,9897974.69
3587.5,9906302.73
3587.6,9914635.36
3587.7,9922972.58
3587.8,9931314.41
3587.9,9939660.84
3588,9948011.9
3588.1,9956367.5
3588.2,9964727.68
3588.3,9973092.52
3588.4,9981462.05
3588.5,9989836.29
3588.6,9998215.26
3588.7,10006598.98
3588.8,10014987.47
3588.9,10023380.72
3589,10031778.76
3589.1,10040181.46
3589.2,10048588.86
3589.3,10057001.08
3589.4,10065418.16
3589.5,10073840.15
3589.6,10082267.07
3589.7,10090698.95
3589.8,10099135.82
3589.9,10107577.68
3590,10116024.56
3590.1,10124484.85
3590.2,10132959.68
3590.3,10141446.22
3590.4,10149943.25
3590.5,10158449.99
3590.6,10166965.88
3590.7,10175490.5
3590.8,10184023.49
3590.9,10192564.56
3591,10201113.46
3591.1,10209668.71
3591.2,10218228.99
3591.3,10226794.33
3591.4,10235364.76
3591.5,10243940.28
3591.6,10252520.91
3591.7,10261106.65
3591.8,10269697.5
3591.9,10278293.48
3592,10286894.59
3592.1,10295500.73
3592.2,10304111.87
3592.3,10312728.06
3592.4,10321349.32
3592.5,10329975.68
3592.6,10338607.14
3592.7,10347243.73
3592.8,10355885.44
3592.9,10364532.28
3593,10373184.27
3593.1,10381841.3
3593.2,10390503.32
3593.3,10399170.37
3593.4,10407842.46
3593.5,10416519.6
3593.6,10425201.79
3593.7,10433889.05
3593.8,10442581.39
3593.9,10451278.79
3594,10459981.28
3594.1,10468688.6
3594.2,10477400.64
3594.3,10486117.47
3594.4,10494839.13
3594.5,10503565.64
3594.6,10512297.04
3594.7,10521033.34
3594.8,10529774.55
3594.9,10538520.69
3595,10547271.77
3595.1,10556027.62
3595.2,10564788.18
3595.3,10573553.5
3595.4,10582323.61
3595.5,10591098.54
3595.6,10599878.3
3595.7,10608662.9
3595.8,10617452.37
3595.9,10626246.7
3596,10635045.91
3596.1,10643849.8
3596.2,10652658.35
3596.3,10661471.65
3596.4,10670289.76
3596.5,10679112.71
3596.6,10687940.54
3596.7,10696773.27
3596.8,10705610.92
3596.9,10714453.51
3597,10723301.06
3597.1,10732153.48
3597.2,10741010.91
3597.3,10749873.51
3597.4,10758741.36
3597.5,10767614.52
3597.6,10776493.03
3597.7,10785376.93
3597.8,10794266.26
3597.9,10803161.03
3598,10812061.28
3598.1,10820966.65
3598.2,10829876.94
3598.3,10838792.26
3598.4,10847712.67
3598.5,10856638.18
3598.6,10865568.85
3598.7,10874504.68
3598.8,10883445.71
3598.9,10892391.94
3599,10901343.4
3599.1,10910299.77
3599.2,10919261.11
3599.3,10928227.67
3599.4,10937199.56
3599.5,10946176.9
3599.6,10955159.74
3599.7,10964148.16
3599.8,10973142.19
3599.9,10982141.9
3600,10991147.31
3600.1,11000158.63
3600.2,11009175.87
3600.3,11018198.97
3600.4,11027227.88
3600.5,11036262.59
3600.6,11045303.07
3600.7,11054349.31
3600.8,11063401.29
3600.9,11072458.99
3601,11081522.42
3601.1,11090591.33
3601.2,11099665.43
3601.3,11108744.7
3601.4,11117829.1
3601.5,11126918.63
3601.6,11136013.27
3601.7,11145113.01
3601.8,11154217.85
3601.9,11163327.79
3602,11172442.81
3602.1,11181562.79
3602.2,11190687.56
3602.3,11199817.12
3602.4,11208951.46
3602.5,11218090.57
3602.6,11227234.44
3602.7,11236383.08
3602.8,11245536.48
3602.9,11254694.64
3603,11263857.56
3603.1,11273025.91
3603.2,11282199.91
3603.3,11291379.34
3603.4,11300564.07
3603.5,11309754.03
3603.6,11318949.14
3603.7,11328149.35
3603.8,11337354.64
3603.9,11346564.95
3604,11355780.26
3604.1,11365002.17
3604.2,11374230.4
3604.3,11383464.13
3604.4,11392702.96
3604.5,11401946.63
3604.6,11411194.96
3604.7,11420447.8
3604.8,11429705.03
3604.9,11438966.54
3605,11448232.25
3605.1,11457501.98
3605.2,11466776.24
3605.3,11476055.47
3605.4,11485339.92
3605.5,11494629.77
3605.6,11503925.17
3605.7,11513226.25
3605.8,11522533.09
3605.9,11531845.81
3606,11541164.47
3606.1,11550488.08
3606.2,11559816.54
3606.3,11569150.49
3606.4,11578490.34
3606.5,11587836.37
3606.6,11597188.83
3606.7,11606547.9
3606.8,11615913.77
3606.9,11625286.58
3607,11634666.48
3607.1,11644055.39
3607.2,11653452.97
3607.3,11662858.22
3607.4,11672270.66
3607.5,11681689.97
3607.6,11691115.91
3607.7,11700548.32
3607.8,11709987.02
3607.9,11719431.9
3608,11728882.84
3608.1,11738339.56
3608.2,11747801.55
3608.3,11757268.62
3608.4,11766740.7
3608.5,11776217.72
3608.6,11785699.63
3608.7,11795186.41
3608.8,11804678.02
3608.9,11814174.43
3609,11823675.62
3609.1,11833180.5
3609.2,11842689.14
3609.3,11852202.45
3609.4,11861721.04
3609.5,11871245.35
3609.6,11880775.77
3609.7,11890312.64
3609.8,11899856.24
3609.9,11909406.84
3610,11918964.69
3610.1,11928529.4
3610.2,11938099.91
3610.3,11947675.96
3610.4,11957257.41
3610.5,11966844.18
3610.6,11976436.19
3610.7,11986033.38
3610.8,11995635.71
3610.9,12005243.13
3611,12014855.62
3611.1,12024472.05
3611.2,12034092.5
3611.3,12043717.86
3611.4,12053348.7
3611.5,12062985.46
3611.6,12072628.51
3611.7,12082278.16
3611.8,12091934.69
3611.9,12101598.35
3612,12111269.36
3612.1,12120947.78
3612.2,12130633.82
3612.3,12140327.68
3612.4,12150029.46
3612.5,12159739.23
3612.6,12169457.05
3612.7,12179182.98
3612.8,12188917.04
3612.9,12198659.27
3613,12208409.71
3613.1,12218167.9
3613.2,12227933.49
3613.3,12237706.52
3613.4,12247487.02
3613.5,12257275.03
3613.6,12267070.54
3613.7,12276873.58
3613.8,12286684.15
3613.9,12296502.27
3614,12306327.95
3614.1,12316161.98
3614.2,12326004.5
3614.3,12335855.18
3614.4,12345713.83
3614.5,12355580.34
3614.6,12365454.6
3614.7,12375336.56
3614.8,12385226.15
3614.9,12395123.3
3615,12405027.99
3615.1,12414940.11
3615.2,12424859.85
3615.3,12434787.35
3615.4,12444722.71
3615.5,12454665.97
3615.6,12464617.18
3615.7,12474576.36
3615.8,12484543.57
3615.9,12494518.81
3616,12504502.11
3616.1,12514493.93
3616.2,12524494.42
3616.3,12534503.43
3616.4,12544520.89
3616.5,12554546.75
3616.6,12564580.96
3616.7,12574623.49
3616.8,12584674.31
3616.9,12594733.4
3617,12604800.74
3617.1,12614875.88
3617.2,12624958.86
3617.3,12635049.94
3617.4,12645149.25
3617.5,12655256.92
3617.6,12665373.01
3617.7,12675497.59
3617.8,12685630.72
3617.9,12695772.46
3618,12705922.83
3618.1,12716080.88
3618.2,12726246.32
3618.3,12736419.62
3618.4,12746601.02
3618.5,12756790.7
3618.6,12766988.82
3618.7,12777195.48
3618.8,12787410.8
3618.9,12797634.85
3619,12807867.72
3619.1,12818108.99
3619.2,12828357.87
3619.3,12838614.17
3619.4,12848877.8
3619.5,12859148.68
3619.6,12869426.78
3619.7,12879712.04
3619.8,12890004.43
3619.9,12900303.92
3620,12910610.5
3620.1,12920924.9
3620.2,12931247.24
3620.3,12941577.18
3620.4,12951914.53
3620.5,12962259.19
3620.6,12972611.05
3620.7,12982970.04
3620.8,12993336.11
3620.9,13003709.19
3621,13014089.24
3621.1,13024476.14
3621.2,13034869.79
3621.3,13045270.16
3621.4,13055677.25
3621.5,13066091.05
3621.6,13076511.55
3621.7,13086938.76
3621.8,13097372.67
3621.9,13107813.28
3622,13118260.58
3622.1,13128714.7
3622.2,13139175.63
3622.3,13149643.33
3622.4,13160117.74
3622.5,13170598.87
3622.6,13181086.68
3622.7,13191581.16
3622.8,13202082.3
3622.9,13212590.09
3623,13223104.53
3623.1,13233625.57
3623.2,13244153.17
3623.3,13254687.33
3623.4,13265228.04
3623.5,13275775.29
3623.6,13286329.09
3623.7,13296889.43
3623.8,13307456.32
3623.9,13318029.74
3624,13328609.7
3624.1,13339196.19
3624.2,13349789.36
3624.3,13360389.32
3624.4,13370996.12
3624.5,13381609.81
3624.6,13392230.41
3624.7,13402857.95
3624.8,13413492.45
3624.9,13424133.92
3625,13434782.39
3625.1,13445438
3625.2,13456100.68
3625.3,13466770.32
3625.4,13477446.87
3625.5,13488130.28
3625.6,13498820.54
3625.7,13509517.61
3625.8,13520221.47
3625.9,13530932.12
3626,13541649.52
3626.1,13552373.45
3626.2,13563103.86
3626.3,13573840.87
3626.4,13584584.53
3626.5,13595334.88
3626.6,13606091.95
3626.7,13616855.76
3626.8,13627626.35
3626.9,13638403.72
3627,13649187.89
3627.1,13659978.96
3627.2,13670776.92
3627.3,13681581.71
3627.4,13692393.33
3627.5,13703211.75
3627.6,13714036.96
3627.7,13724868.94
3627.8,13735707.69
3627.9,13746553.21
3628,13757405.47
3628.1,13768264.38
3628.2,13779129.91
3628.3,13790002.1
3628.4,13800880.98
3628.5,13811766.58
3628.6,13822658.91
3628.7,13833557.98
3628.8,13844463.8
3628.9,13855376.38
3629,13866295.73
3629.1,13877221.7
3629.2,13888154.23
3629.3,13899093.34
3629.4,13910039.05
3629.5,13920991.37
3629.6,13931950.32
3629.7,13942915.89
3629.8,13953888.11
3629.9,13964866.96
3630,13975852.47
3630.1,13986844.34
3630.2,13997842.6
3630.3,14008847.41
3630.4,14019858.87
3630.5,14030877.06
3630.6,14041902.01
3630.7,14052933.79
3630.8,14063972.41
3630.9,14075017.92
3631,14086070.34
3631.1,14097129.53
3631.2,14108195.47
3631.3,14119268.26
3631.4,14130347.93
3631.5,14141434.5
3631.6,14152528.02
3631.7,14163628.48
3631.8,14174735.92
3631.9,14185850.34
3632,14196971.76
3632.1,14208099.96
3632.2,14219235.05
3632.3,14230377.2
3632.4,14241526.53
3632.5,14252683.09
3632.6,14263846.94
3632.7,14275018.14
3632.8,14286196.71
3632.9,14297382.69
3633,14308576.12
3633.1,14319776.99
3633.2,14330985.51
3633.3,14342201.81
3633.4,14353425.96
3633.5,14364658
3633.6,14375897.98
3633.7,14387145.92
3633.8,14398401.86
3633.9,14409665.8
3634,14420937.79
3634.1,14432217.99
3634.2,14443506.23
3634.3,14454802.32
3634.4,14466106.16
3634.5,14477417.69
3634.6,14488736.84
3634.7,14500063.58
3634.8,14511397.87
3634.9,14522739.68
3635,14534088.98
3635.1,14545445.49
3635.2,14556808.89
3635.3,14568179.13
3635.4,14579556.22
3635.5,14590940.13
3635.6,14602330.86
3635.7,14613728.41
3635.8,14625132.76
3635.9,14636543.92
3636,14647961.87
3636.1,14659386.34
3636.2,14670817.19
3636.3,14682254.47
3636.4,14693698.24
3636.5,14705148.5
3636.6,14716605.29
3636.7,14728068.62
3636.8,14739538.5
3636.9,14751014.95
3637,14762497.97
3637.1,14773987.39
3637.2,14785483.17
3637.3,14796985.35
3637.4,14808493.99
3637.5,14820009.11
3637.6,14831530.73
3637.7,14843058.87
3637.8,14854593.54
3637.9,14866134.76
3638,14877682.53
3638.1,14889236.69
3638.2,14900797.11
3638.3,14912363.83
3638.4,14923936.86
3638.5,14935516.21
3638.6,14947101.89
3638.7,14958693.91
3638.8,14970292.26
3638.9,14981896.96
3639,14993508.02
3639.1,15005125.33
3639.2,15016748.91
3639.3,15028378.81
3639.4,15040015.05
3639.5,15051657.67
3639.6,15063306.66
3639.7,15074962.06
3639.8,15086623.86
3639.9,15098292.08
3640,15109966.72
3640.1,15121647.81
3640.2,15133335.33
3640.3,15145029.25
3640.4,15156729.58
3640.5,15168436.3
3640.6,15180149.41
3640.7,15191868.9
3640.8,15203594.78
3640.9,15215327.03
3641,15227065.66
3641.1,15238810.6
3641.2,15250561.76
3641.3,15262319.16
3641.4,15274082.79
3641.5,15285852.66
3641.6,15297628.76
3641.7,15309411.1
3641.8,15321199.67
3641.9,15332994.48
3642,15344795.53
3642.1,15356602.68
3642.2,15368415.89
3642.3,15380235.22
3642.4,15392060.67
3642.5,15403892.29
3642.6,15415730.07
3642.7,15427574.02
3642.8,15439424.17
3642.9,15451280.52
3643,15463143.07
3643.1,15475011.7
3643.2,15486886.44
3643.3,15498767.41
3643.4,15510654.64
3643.5,15522548.19
3643.6,15534448.07
3643.7,15546354.32
3643.8,15558266.94
3643.9,15570185.97
3644,15582111.4
3644.1,15594043.24
3644.2,15605981.46
3644.3,15617926.1
3644.4,15629877.16
3644.5,15641834.64
3644.6,15653798.55
3644.7,15665768.89
3644.8,15677745.67
3644.9,15689728.89
3645,15701718.56
3645.1,15713714.58
3645.2,15725716.96
3645.3,15737725.76
3645.4,15749740.99
3645.5,15761762.67
3645.6,15773790.82
3645.7,15785825.45
3645.8,15797866.56
3645.9,15809914.18
3646,15821968.29
3646.1,15834028.78
3646.2,15846095.61
3646.3,15858168.84
3646.4,15870248.49
3646.5,15882334.6
3646.6,15894427.17
3646.7,15906526.23
3646.8,15918631.78
3646.9,15930743.84
3647,15942862.41
3647.1,15954987.42
3647.2,15967118.86
3647.3,15979256.73
3647.4,15991401.05
3647.5,16003551.84
3647.6,16015709.08
3647.7,16027872.79
3647.8,16040042.98
3647.9,16052219.64
3648,16064402.79
3648.1,16076592.3
3648.2,16088788.16
3648.3,16100990.41
3648.4,16113199.09
3648.5,16125414.21
3648.6,16137635.79
3648.7,16149863.83
3648.8,16162098.36
3648.9,16174339.37
3649,16186586.87
3649.1,16198840.82
3649.2,16211101.11
3649.3,16223367.72
3649.4,16235640.62
3649.5,16247919.81
3649.6,16260205.28
3649.7,16272497.02
3649.8,16284795.02
3649.9,16297099.28
3650,16309409.79
3650.1,16321726.37
3650.2,16334048.98
3650.3,16346377.71
3650.4,16358712.59
3650.5,16371053.67
3650.6,16383400.96
3650.7,16395754.49
3650.8,16408114.28
3650.9,16420480.33
3651,16432852.67
3651.1,16445231.16
3651.2,16457615.84
3651.3,16470006.78
3651.4,16482404.05
3651.5,16494807.67
3651.6,16507217.68
3651.7,16519634.09
3651.8,16532056.92
3651.9,16544486.2
3652,16556921.92
3652.1,16569363.94
3652.2,16581812.17
3652.3,16594266.68
3652.4,16606727.5
3652.5,16619194.64
3652.6,16631668.13
3652.7,16644147.98
3652.8,16656634.2
3652.9,16669126.8
3653,16681625.79
3653.1,16694131.07
3653.2,16706642.6
3653.3,16719160.38
3653.4,16731684.44
3653.5,16744214.79
3653.6,16756751.44
3653.7,16769294.38
3653.8,16781843.63
3653.9,16794399.19
3654,16806961.06
3654.1,16819529.13
3654.2,16832103.34
3654.3,16844683.73
3654.4,16857270.33
3654.5,16869863.15
3654.6,16882462.21
3654.7,16895067.51
3654.8,16907679.07
3654.9,16920296.88
3655,16932920.97
3655.1,16945551.17
3655.2,16958187.46
3655.3,16970829.91
3655.4,16983478.57
3655.5,16996133.45
3655.6,17008794.58
3655.7,17021461.97
3655.8,17034135.65
3655.9,17046815.62
3656,17059501.89
3656.1,17072194.26
3656.2,17084892.68
3656.3,17097597.26
3656.4,17110308.04
3656.5,17123025.07
3656.6,17135748.39
3656.7,17148478
3656.8,17161213.94
3656.9,17173956.22
3657,17186704.87
3657.1,17199459.83
3657.2,17212221.09
3657.3,17224988.68
3657.4,17237762.61
3657.5,17250542.88
3657.6,17263329.51
3657.7,17276122.5
3657.8,17288921.86
3657.9,17301727.58
3658,17314539.67
3658.1,17327358.03
3658.2,17340182.66
3658.3,17353013.65
3658.4,17365851.02
3658.5,17378694.82
3658.6,17391545.05
3658.7,17404401.73
3658.8,17417264.88
3658.9,17430134.52
3659,17443010.65
3659.1,17455893.25
3659.2,17468782.3
3659.3,17481677.8
3659.4,17494579.74
3659.5,17507488.12
3659.6,17520402.94
3659.7,17533324.21
3659.8,17546251.92
3659.9,17559186.06
3660,17572126.65
3660.1,17585073.28
3660.2,17598025.89
3660.3,17610984.65
3660.4,17623949.69
3660.5,17636921.06
3660.6,17649898.84
3660.7,17662883.07
3660.8,17675873.79
3660.9,17688871.03
3661,17701874.84
3661.1,17714885.12
3661.2,17727901.96
3661.3,17740925.44
3661.4,17753955.63
3661.5,17766992.56
3661.6,17780036.26
3661.7,17793086.75
3661.8,17806144.05
3661.9,17819208.18
3662,17832279.16
3662.1,17845356.72
3662.2,17858440.79
3662.3,17871531.49
3662.4,17884628.87
3662.5,17897732.98
3662.6,17910843.86
3662.7,17923961.53
3662.8,17937086.01
3662.9,17950217.34
3663,17963355.51
3663.1,17976500.31
3663.2,17989651.55
3663.3,18002809.27
3663.4,18015973.5
3663.5,18029144.26
3663.6,18042321.54
3663.7,18055505.37
3663.8,18068695.75
3663.9,18081892.69
3664,18095096.2
3664.1,18108306.15
3664.2,18121522.58
3664.3,18134745.57
3664.4,18147975.18
3664.5,18161211.42
3664.6,18174454.34
3664.7,18187703.94
3664.8,18200960.24
3664.9,18214223.27
3665,18227493.03
3665.1,18240769.33
3665.2,18254052.05
3665.3,18267341.24
3665.4,18280636.94
3665.5,18293939.15
3665.6,18307247.9
3665.7,18320563.2
3665.8,18333885.05
3665.9,18347213.47
3666,18360548.47
3666.1,18373889.88
3666.2,18387237.7
3666.3,18400592.03
3666.4,18413952.9
3666.5,18427320.37
3666.6,18440694.44
3666.7,18454075.15
3666.8,18467462.51
3666.9,18480856.53
3667,18494257.24
3667.1,18507664.58
3667.2,18521078.57
3667.3,18534499.2
3667.4,18547926.5
3667.5,18561360.48
3667.6,18574801.14
3667.7,18588248.48
3667.8,18601702.5
3667.9,18615163.22
3668,18628630.64
3668.1,18642104.55
3668.2,18655584.85
3668.3,18669071.61
3668.4,18682564.86
3668.5,18696064.62
3668.6,18709570.91
3668.7,18723083.75
3668.8,18736603.14
3668.9,18750129.1
3669,18763661.64
3669.1,18777200.61
3669.2,18790746.04
3669.3,18804298.07
3669.4,18817856.74
3669.5,18831422.1
3669.6,18844994.18
3669.7,18858573.02
3669.8,18872158.64
3669.9,18885751.05
3670,18899350.28
3670.1,18912956.14
3670.2,18926568.7
3670.3,18940188.12
3670.4,18953814.47
3670.5,18967447.82
3670.6,18981088.19
3670.7,18994735.64
3670.8,19008390.19
3670.9,19022051.87
3671,19035720.71
3671.1,19049396.69
3671.2,19063079.81
3671.3,19076770.08
3671.4,19090467.51
3671.5,19104172.1
3671.6,19117883.84
3671.7,19131602.75
3671.8,19145328.83
3671.9,19159062.07
3672,19172802.48
3672.1,19186549.96
3672.2,19200304.33
3672.3,19214065.54
3672.4,19227833.55
3672.5,19241608.35
3672.6,19255389.93
3672.7,19269178.26
3672.8,19282973.35
3672.9,19296775.18
3673,19310583.74
3673.1,19324398.64
3673.2,19338219.91
3673.3,19352047.84
3673.4,19365882.57
3673.5,19379724.21
3673.6,19393572.84
3673.7,19407428.52
3673.8,19421291.33
3673.9,19435161.3
3674,19449038.49
3674.1,19462922.9
3674.2,19476814.68
3674.3,19490713.9
3674.4,19504620.61
3674.5,19518534.84
3674.6,19532456.61
3674.7,19546385.94
3674.8,19560322.86
3674.9,19574267.37
3675,19588219.48
3675.1,19602179.07
3675.2,19616146.12
3675.3,19630120.71
3675.4,19644102.87
3675.5,19658092.64
3675.6,19672090.03
3675.7,19686095.06
3675.8,19700107.75
3675.9,19714128.11
3676,19728156.15
3676.1,19742191.93
3676.2,19756235.44
3676.3,19770286.61
3676.4,19784345.44
3676.5,19798411.9
3676.6,19812485.99
3676.7,19826567.69
3676.8,19840657
3676.9,19854753.9
3677,19868858.39
3677.1,19882970.24
3677.2,19897089.2
3677.3,19911215.24
3677.4,19925348.36
3677.5,19939488.54
3677.6,19953635.78
3677.7,19967790.09
3677.8,19981951.44
3677.9,19996119.85
3678,20010295.31
3678.1,20024477.56
3678.2,20038666.63
3678.3,20052862.71
3678.4,20067065.88
3678.5,20081276.21
3678.6,20095493.76
3678.7,20109718.57
3678.8,20123950.67
3678.9,20138190.1
3679,20152436.88
3679.1,20166690.87
3679.2,20180952.2
3679.3,20195221.03
3679.4,20209497.46
3679.5,20223781.54
3679.6,20238073.33
3679.7,20252372.87
3679.8,20266680.2
3679.9,20280995.34
3680,20295318.32
3680.1,20309649.18
3680.2,20323987.87
3680.3,20338334.37
3680.4,20352688.66
3680.5,20367050.75
3680.6,20381420.61
3680.7,20395798.24
3680.8,20410183.64
3680.9,20424576.8
3681,20438977.72
3681.1,20453386.21
3681.2,20467802.24
3681.3,20482225.91
3681.4,20496657.27
3681.5,20511096.35
3681.6,20525543.18
3681.7,20539997.78
3681.8,20554460.17
3681.9,20568930.36
3682,20583408.38
3682.1,20597894.25
3682.2,20612387.79
3682.3,20626888.9
3682.4,20641397.5
3682.5,20655913.55
3682.6,20670437.04
3682.7,20684967.93
3682.8,20699506.2
3682.9,20714051.83
3683,20728604.81
3683.1,20743164.93
3683.2,20757732.22
3683.3,20772306.84
3683.4,20786888.87
3683.5,20801478.35
3683.6,20816075.32
3683.7,20830679.84
3683.8,20845291.92
3683.9,20859911.58
3684,20874538.86
3684.1,20889173.57
3684.2,20903815.84
3684.3,20918465.87
3684.4,20933123.76
3684.5,20947789.59
3684.6,20962463.41
3684.7,20977145.27
3684.8,20991835.22
3684.9,21006533.28
3685,21021239.49
3685.1,21035953.75
3685.2,21050676.12
3685.3,21065406.66
3685.4,21080145.43
3685.5,21094892.46
3685.6,21109647.78
3685.7,21124411.4
3685.8,21139183.34
3685.9,21153963.62
3686,21168752.25
3686.1,21183549.22
3686.2,21198354.27
3686.3,21213167.27
3686.4,21227988.15
3686.5,21242816.87
3686.6,21257653.38
3686.7,21272497.67
3686.8,21287349.7
3686.9,21302209.46
3687,21317076.92
3687.1,21331951.89
3687.2,21346834.3
3687.3,21361724.22
3687.4,21376621.7
3687.5,21391526.76
3687.6,21406439.43
3687.7,21421359.72
3687.8,21436287.65
3687.9,21451223.24
3688,21466166.48
3688.1,21481117.24
3688.2,21496075.54
3688.3,21511041.45
3688.4,21526015.05
3688.5,21540996.35
3688.6,21555985.4
3688.7,21570982.22
3688.8,21585986.81
3688.9,21600999.21
3689,21616019.42
3689.1,21631047.45
3689.2,21646083.31
3689.3,21661126.98
3689.4,21676178.46
3689.5,21691237.75
3689.6,21706304.85
3689.7,21721379.75
3689.8,21736462.46
3689.9,21751552.97
3690,21766651.28
3690.1,21781757.22
3690.2,21796870.66
3690.3,21811991.65
3690.4,21827120.2
3690.5,21842256.32
3690.6,21857400.02
3690.7,21872551.31
3690.8,21887710.21
3690.9,21902876.7
3691,21918050.81
3691.1,21933232.45
3691.2,21948421.69
3691.3,21963618.65
3691.4,21978823.38
3691.5,21994035.91
3691.6,22009256.27
3691.7,22024484.49
3691.8,22039720.59
3691.9,22054964.58
3692,22070216.48
3692.1,22085476.31
3692.2,22100743.92
3692.3,22116019.24
3692.4,22131302.23
3692.5,22146592.86
3692.6,22161891.1
3692.7,22177196.94
3692.8,22192510.37
3692.9,22207831.37
3693,22223159.92
3693.1,22238495.83
3693.2,22253839.01
3693.3,22269189.54
3693.4,22284547.44
3693.5,22299912.75
3693.6,22315285.49
3693.7,22330665.67
3693.8,22346053.31
3693.9,22361448.41
3694,22376851
3694.1,22392260.82
3694.2,22407677.68
3694.3,22423101.65
3694.4,22438532.76
3694.5,22453971.01
3694.6,22469416.43
3694.7,22484869.04
3694.8,22500328.83
3694.9,22515795.82
3695,22531270.02
3695.1,22546751.17
3695.2,22562239.21
3695.3,22577734.27
3695.4,22593236.4
3695.5,22608745.65
3695.6,22624262.06
3695.7,22639785.65
3695.8,22655316.46
3695.9,22670854.5
3696,22686399.79
3696.1,22701951.97
3696.2,22717510.82
3696.3,22733076.41
3696.4,22748648.79
3696.5,22764227.97
3696.6,22779813.99
3696.7,22795406.86
3696.8,22811006.59
3696.9,22826613.2
3697,22842226.7
3697.1,22857847.13
3697.2,22873474.48
3697.3,22889108.72
3697.4,22904749.85
3697.5,22920397.84
3697.6,22936052.7
3697.7,22951714.42
3697.8,22967383
3697.9,22983058.43
3698,22998740.71
3698.1,23014429.66
3698.2,23030125.29
3698.3,23045827.7
3698.4,23061536.95
3698.5,23077253.06
3698.6,23092976.08
3698.7,23108706.02
3698.8,23124442.9
3698.9,23140186.75
3699,23155937.57
3699.1,23171695.51
3699.2,23187460.51
3699.3,23203232.49
3699.4,23219011.4
3699.5,23234797.2
3699.6,23250589.86
3699.7,23266389.38
3699.8,23282195.72
3699.9,23298008.88
3700,23313828.84
3700.1,23329655.09
3700.2,23345487.62
3700.3,23361326.75
3700.4,23377172.66
3700.5,23393025.45
3700.6,23408885.24
3700.7,23424752.1
3700.8,23440626.09
3700.9,23456507.29
3701,23472395.73
3701.1,23488291.24
3701.2,23504193.58
3701.3,23520102.71
3701.4,23536018.64
3701.5,23551941.35
3701.6,23567870.83
3701.7,23583807.09
3701.8,23599750.12
3701.9,23615699.91
3702,23631656.46
3702.1,23647619.42
3702.2,23663588.78
3702.3,23679564.7
3702.4,23695547.29
3702.5,23711536.62
3702.6,23727532.75
3702.7,23743535.71
3702.8,23759545.56
3702.9,23775562.31
3703,23791586.01
3703.1,23807616.48
3703.2,23823653.73
3703.3,23839697.89
3703.4,23855749.02
3703.5,23871807.17
3703.6,23887872.37
3703.7,23903944.66
3703.8,23920024.06
3703.9,23936110.59
3704,23952204.27
3704.1,23968305.05
3704.2,23984412.94
3704.3,24000527.98
3704.4,24016650.17
3704.5,24032779.53
3704.6,24048916.07
3704.7,24065059.79
3704.8,24081210.71
3704.9,24097368.84
3705,24113534.16
3705.1,24129706.67
3705.2,24145886.35
3705.3,24162073.2
3705.4,24178267.22
3705.5,24194468.4
3705.6,24210676.77
3705.7,24226892.3
3705.8,24243115
3705.9,24259344.88
3706,24275581.93
3706.1,24291826.14
3706.2,24308077.49
3706.3,24324335.99
3706.4,24340601.64
3706.5,24356874.44
3706.6,24373154.41
3706.7,24389441.52
3706.8,24405735.8
3706.9,24422037.24
3707,24438345.83
3707.1,24454661.64
3707.2,24470984.63
3707.3,24487314.73
3707.4,24503651.92
3707.5,24519996.18
3707.6,24536347.49
3707.7,24552705.85
3707.8,24569071.23
3707.9,24585443.64
3708,24601823.05
3708.1,24618209.26
3708.2,24634602.2
3708.3,24651002
3708.4,24667408.7
3708.5,24683822.36
3708.6,24700242.99
3708.7,24716670.62
3708.8,24733105.28
3708.9,24749546.99
3709,24765995.75
3709.1,24782451.3
3709.2,24798913.56
3709.3,24815382.67
3709.4,24831858.69
3709.5,24848341.67
3709.6,24864831.66
3709.7,24881328.68
3709.8,24897832.76
3709.9,24914343.92
3710,24930862.19
3710.1,24947387.42
3710.2,24963919.59
3710.3,24980458.75
3710.4,24997004.94
3710.5,25013558.18
3710.6,25030118.5
3710.7,25046685.9
3710.8,25063260.41
3710.9,25079842.03
3711,25096430.77
3711.1,25113026.51
3711.2,25129629.27
3711.3,25146239.12
3711.4,25162856.08
3711.5,25179480.19
3711.6,25196111.46
3711.7,25212749.92
3711.8,25229395.58
3711.9,25246048.45
3712,25262708.53
